video,content,resolution,bitrate
M8_coors_brewery_res=480_bitrate=0.25.avi,M8_coors_brewery,480,0.25
F5_crimson_res=480_bitrate=0.8.avi,F5_crimson,480,0.8
M8_coors_brewery_res=1080_bitrate=reference.avi,M8_coors_brewery,1080,reference
F6_the_way_it_bubbles_res=480_bitrate=2.avi,F6_the_way_it_bubbles,480,2
M4_tshirt_says_captain_res=480_bitrate=0.25.avi,M4_tshirt_says_captain,480,0.25
F11_1985_to_1995_res=1080_bitrate=reference.avi,F11_1985_to_1995,1080,reference
M5_shotgun_is_heavy_res=360_bitrate=0.8.avi,M5_shotgun_is_heavy,360,0.8
F10_sign_permission_form_res=1080_bitrate=0.8.avi,F10_sign_permission_form,1080,0.8
M5_shotgun_is_heavy_res=1080_bitrate=0.8.avi,M5_shotgun_is_heavy,1080,0.8
M8_coors_brewery_res=720_bitrate=2.avi,M8_coors_brewery,720,2
F6_the_way_it_bubbles_res=360_bitrate=0.8.avi,F6_the_way_it_bubbles,360,0.8
M8_scenario_in_darkroom_res=720_bitrate=2.avi,M8_scenario_in_darkroom,720,2
F6_ingredients_res=480_bitrate=0.25.avi,F6_ingredients,480,0.25
F10_sign_permission_form_res=720_bitrate=2.avi,F10_sign_permission_form,720,2
M4_tshirt_says_captain_res=360_bitrate=0.8.avi,M4_tshirt_says_captain,360,0.8
M1_scooby_doo_res=1080_bitrate=0.8.avi,M1_scooby_doo,1080,0.8
F7_here_and_there_res=360_bitrate=0.8.avi,F7_here_and_there,360,0.8
M2_juicy_and_delicious_res=1080_bitrate=0.8.avi,M2_juicy_and_delicious,1080,0.8
F7_here_and_there_res=1080_bitrate=0.8.avi,F7_here_and_there,1080,0.8
M8_coors_brewery_res=1080_bitrate=2.avi,M8_coors_brewery,1080,2
M5_shotgun_is_heavy_res=480_bitrate=0.8.avi,M5_shotgun_is_heavy,480,0.8
M3_died_at_32_res=1080_bitrate=0.8.avi,M3_died_at_32,1080,0.8
M2_juicy_and_delicious_res=360_bitrate=0.8.avi,M2_juicy_and_delicious,360,0.8
M8_coors_brewery_res=480_bitrate=2.avi,M8_coors_brewery,480,2
F6_ingredients_res=480_bitrate=0.8.avi,F6_ingredients,480,0.8
F7_here_and_there_res=1080_bitrate=2.avi,F7_here_and_there,1080,2
M3_died_at_32_res=360_bitrate=0.8.avi,M3_died_at_32,360,0.8
M8_scenario_in_darkroom_res=480_bitrate=2.avi,M8_scenario_in_darkroom,480,2
M9_bowler_domates_res=480_bitrate=0.8.avi,M9_bowler_domates,480,0.8
F6_ingredients_res=720_bitrate=0.8.avi,F6_ingredients,720,0.8
F11_1985_to_1995_res=480_bitrate=0.8.avi,F11_1985_to_1995,480,0.8
M1_scooby_doo_res=1080_bitrate=2.avi,M1_scooby_doo,1080,2
M8_coors_brewery_res=720_bitrate=0.8.avi,M8_coors_brewery,720,0.8
M9_bowler_domates_res=720_bitrate=0.25.avi,M9_bowler_domates,720,0.25
F10_sign_permission_form_res=360_bitrate=0.8.avi,F10_sign_permission_form,360,0.8
F11_1985_to_1995_res=480_bitrate=2.avi,F11_1985_to_1995,480,2
F5_scuba_aquarium_res=1080_bitrate=2.avi,F5_scuba_aquarium,1080,2
M9_bowler_domates_res=480_bitrate=0.25.avi,M9_bowler_domates,480,0.25
F6_ingredients_res=480_bitrate=2.avi,F6_ingredients,480,2
F7_here_and_there_res=720_bitrate=0.25.avi,F7_here_and_there,720,0.25
M2_juicy_and_delicious_res=720_bitrate=0.25.avi,M2_juicy_and_delicious,720,0.25
M8_scenario_in_darkroom_res=1080_bitrate=reference.avi,M8_scenario_in_darkroom,1080,reference
F6_the_way_it_bubbles_res=1080_bitrate=2.avi,F6_the_way_it_bubbles,1080,2
M1_scooby_doo_res=720_bitrate=0.8.avi,M1_scooby_doo,720,0.8
F10_sign_permission_form_res=1080_bitrate=reference.avi,F10_sign_permission_form,1080,reference
F6_ingredients_res=720_bitrate=0.25.avi,F6_ingredients,720,0.25
F5_crimson_res=480_bitrate=0.25.avi,F5_crimson,480,0.25
M2_juicy_and_delicious_res=720_bitrate=2.avi,M2_juicy_and_delicious,720,2
F7_here_and_there_res=1080_bitrate=reference.avi,F7_here_and_there,1080,reference
M5_shotgun_is_heavy_res=480_bitrate=0.25.avi,M5_shotgun_is_heavy,480,0.25
F6_ingredients_res=1080_bitrate=0.8.avi,F6_ingredients,1080,0.8
M3_died_at_32_res=720_bitrate=2.avi,M3_died_at_32,720,2
M2_juicy_and_delicious_res=1080_bitrate=reference.avi,M2_juicy_and_delicious,1080,reference
F6_ingredients_res=1080_bitrate=2.avi,F6_ingredients,1080,2
F7_here_and_there_res=480_bitrate=0.8.avi,F7_here_and_there,480,0.8
M8_scenario_in_darkroom_res=360_bitrate=0.8.avi,M8_scenario_in_darkroom,360,0.8
M5_shotgun_is_heavy_res=480_bitrate=2.avi,M5_shotgun_is_heavy,480,2
M8_scenario_in_darkroom_res=720_bitrate=0.25.avi,M8_scenario_in_darkroom,720,0.25
F5_scuba_aquarium_res=480_bitrate=0.25.avi,F5_scuba_aquarium,480,0.25
M9_bowler_domates_res=360_bitrate=0.8.avi,M9_bowler_domates,360,0.8
M5_shotgun_is_heavy_res=1080_bitrate=reference.avi,M5_shotgun_is_heavy,1080,reference
F7_here_and_there_res=720_bitrate=0.8.avi,F7_here_and_there,720,0.8
M3_died_at_32_res=480_bitrate=0.8.avi,M3_died_at_32,480,0.8
F6_the_way_it_bubbles_res=720_bitrate=0.8.avi,F6_the_way_it_bubbles,720,0.8
M9_bowler_domates_res=1080_bitrate=2.avi,M9_bowler_domates,1080,2
M3_died_at_32_res=480_bitrate=2.avi,M3_died_at_32,480,2
M4_tshirt_says_captain_res=720_bitrate=2.avi,M4_tshirt_says_captain,720,2
F6_the_way_it_bubbles_res=1080_bitrate=reference.avi,F6_the_way_it_bubbles,1080,reference
F11_1985_to_1995_res=720_bitrate=0.8.avi,F11_1985_to_1995,720,0.8
F6_the_way_it_bubbles_res=720_bitrate=0.25.avi,F6_the_way_it_bubbles,720,0.25
M1_scooby_doo_res=360_bitrate=0.8.avi,M1_scooby_doo,360,0.8
F6_the_way_it_bubbles_res=480_bitrate=0.8.avi,F6_the_way_it_bubbles,480,0.8
M4_tshirt_says_captain_res=1080_bitrate=reference.avi,M4_tshirt_says_captain,1080,reference
M3_died_at_32_res=720_bitrate=0.8.avi,M3_died_at_32,720,0.8
M4_tshirt_says_captain_res=480_bitrate=2.avi,M4_tshirt_says_captain,480,2
F10_sign_permission_form_res=720_bitrate=0.8.avi,F10_sign_permission_form,720,0.8
M8_scenario_in_darkroom_res=1080_bitrate=2.avi,M8_scenario_in_darkroom,1080,2
M3_died_at_32_res=720_bitrate=0.25.avi,M3_died_at_32,720,0.25
M4_tshirt_says_captain_res=1080_bitrate=0.8.avi,M4_tshirt_says_captain,1080,0.8
F10_sign_permission_form_res=1080_bitrate=2.avi,F10_sign_permission_form,1080,2
M1_scooby_doo_res=720_bitrate=0.25.avi,M1_scooby_doo,720,0.25
F5_scuba_aquarium_res=720_bitrate=2.avi,F5_scuba_aquarium,720,2
M5_shotgun_is_heavy_res=720_bitrate=0.8.avi,M5_shotgun_is_heavy,720,0.8
M2_juicy_and_delicious_res=480_bitrate=0.25.avi,M2_juicy_and_delicious,480,0.25
F5_crimson_res=1080_bitrate=reference.avi,F5_crimson,1080,reference
M2_juicy_and_delicious_res=480_bitrate=2.avi,M2_juicy_and_delicious,480,2
M8_coors_brewery_res=1080_bitrate=0.8.avi,M8_coors_brewery,1080,0.8
F11_1985_to_1995_res=720_bitrate=2.avi,F11_1985_to_1995,720,2
M2_juicy_and_delicious_res=480_bitrate=0.8.avi,M2_juicy_and_delicious,480,0.8
F10_sign_permission_form_res=480_bitrate=0.25.avi,F10_sign_permission_form,480,0.25
F5_crimson_res=1080_bitrate=2.avi,F5_crimson,1080,2
F5_scuba_aquarium_res=360_bitrate=0.8.avi,F5_scuba_aquarium,360,0.8
F5_crimson_res=720_bitrate=0.25.avi,F5_crimson,720,0.25
F5_scuba_aquarium_res=480_bitrate=0.8.avi,F5_scuba_aquarium,480,0.8
M4_tshirt_says_captain_res=480_bitrate=0.8.avi,M4_tshirt_says_captain,480,0.8
F7_here_and_there_res=480_bitrate=2.avi,F7_here_and_there,480,2
F6_ingredients_res=720_bitrate=2.avi,F6_ingredients,720,2
M9_bowler_domates_res=1080_bitrate=reference.avi,M9_bowler_domates,1080,reference
F6_ingredients_res=360_bitrate=0.8.avi,F6_ingredients,360,0.8
M9_bowler_domates_res=480_bitrate=2.avi,M9_bowler_domates,480,2
F7_here_and_there_res=480_bitrate=0.25.avi,F7_here_and_there,480,0.25
M1_scooby_doo_res=480_bitrate=0.25.avi,M1_scooby_doo,480,0.25
F5_crimson_res=1080_bitrate=0.8.avi,F5_crimson,1080,0.8
F5_scuba_aquarium_res=720_bitrate=0.25.avi,F5_scuba_aquarium,720,0.25
F5_crimson_res=360_bitrate=0.8.avi,F5_crimson,360,0.8
M5_shotgun_is_heavy_res=720_bitrate=2.avi,M5_shotgun_is_heavy,720,2
M3_died_at_32_res=1080_bitrate=2.avi,M3_died_at_32,1080,2
F6_the_way_it_bubbles_res=1080_bitrate=0.8.avi,F6_the_way_it_bubbles,1080,0.8
M3_died_at_32_res=1080_bitrate=reference.avi,M3_died_at_32,1080,reference
F5_scuba_aquarium_res=480_bitrate=2.avi,F5_scuba_aquarium,480,2
M8_coors_brewery_res=360_bitrate=0.8.avi,M8_coors_brewery,360,0.8
F5_scuba_aquarium_res=1080_bitrate=0.8.avi,F5_scuba_aquarium,1080,0.8
M1_scooby_doo_res=720_bitrate=2.avi,M1_scooby_doo,720,2
M9_bowler_domates_res=720_bitrate=0.8.avi,M9_bowler_domates,720,0.8
F11_1985_to_1995_res=1080_bitrate=2.avi,F11_1985_to_1995,1080,2
M1_scooby_doo_res=480_bitrate=2.avi,M1_scooby_doo,480,2
F11_1985_to_1995_res=1080_bitrate=0.8.avi,F11_1985_to_1995,1080,0.8
F10_sign_permission_form_res=480_bitrate=2.avi,F10_sign_permission_form,480,2
M8_scenario_in_darkroom_res=480_bitrate=0.8.avi,M8_scenario_in_darkroom,480,0.8
M4_tshirt_says_captain_res=1080_bitrate=2.avi,M4_tshirt_says_captain,1080,2
F5_scuba_aquarium_res=720_bitrate=0.8.avi,F5_scuba_aquarium,720,0.8
M8_scenario_in_darkroom_res=720_bitrate=0.8.avi,M8_scenario_in_darkroom,720,0.8
F11_1985_to_1995_res=360_bitrate=0.8.avi,F11_1985_to_1995,360,0.8
F6_ingredients_res=1080_bitrate=reference.avi,F6_ingredients,1080,reference
M8_coors_brewery_res=720_bitrate=0.25.avi,M8_coors_brewery,720,0.25
M8_scenario_in_darkroom_res=480_bitrate=0.25.avi,M8_scenario_in_darkroom,480,0.25
F10_sign_permission_form_res=720_bitrate=0.25.avi,F10_sign_permission_form,720,0.25
F6_the_way_it_bubbles_res=720_bitrate=2.avi,F6_the_way_it_bubbles,720,2
F10_sign_permission_form_res=480_bitrate=0.8.avi,F10_sign_permission_form,480,0.8
M8_coors_brewery_res=480_bitrate=0.8.avi,M8_coors_brewery,480,0.8
F5_scuba_aquarium_res=1080_bitrate=reference.avi,F5_scuba_aquarium,1080,reference
F11_1985_to_1995_res=720_bitrate=0.25.avi,F11_1985_to_1995,720,0.25
F7_here_and_there_res=720_bitrate=2.avi,F7_here_and_there,720,2
F5_crimson_res=480_bitrate=2.avi,F5_crimson,480,2
M4_tshirt_says_captain_res=720_bitrate=0.8.avi,M4_tshirt_says_captain,720,0.8
M2_juicy_and_delicious_res=720_bitrate=0.8.avi,M2_juicy_and_delicious,720,0.8
M3_died_at_32_res=480_bitrate=0.25.avi,M3_died_at_32,480,0.25
M2_juicy_and_delicious_res=1080_bitrate=2.avi,M2_juicy_and_delicious,1080,2
F5_crimson_res=720_bitrate=0.8.avi,F5_crimson,720,0.8
M8_scenario_in_darkroom_res=1080_bitrate=0.8.avi,M8_scenario_in_darkroom,1080,0.8
M9_bowler_domates_res=1080_bitrate=0.8.avi,M9_bowler_domates,1080,0.8
M1_scooby_doo_res=480_bitrate=0.8.avi,M1_scooby_doo,480,0.8
M4_tshirt_says_captain_res=720_bitrate=0.25.avi,M4_tshirt_says_captain,720,0.25
M5_shotgun_is_heavy_res=1080_bitrate=2.avi,M5_shotgun_is_heavy,1080,2
F11_1985_to_1995_res=480_bitrate=0.25.avi,F11_1985_to_1995,480,0.25
F5_crimson_res=720_bitrate=2.avi,F5_crimson,720,2
M5_shotgun_is_heavy_res=720_bitrate=0.25.avi,M5_shotgun_is_heavy,720,0.25
F6_the_way_it_bubbles_res=480_bitrate=0.25.avi,F6_the_way_it_bubbles,480,0.25
M1_scooby_doo_res=1080_bitrate=reference.avi,M1_scooby_doo,1080,reference
M9_bowler_domates_res=720_bitrate=2.avi,M9_bowler_domates,720,2
